1,2,3,45,5
32,24,4,s,fs
4,43,wr,wr,c
1,2,3,45,5
32,24,4,s,fs
4,43,wr,wr,c
1,2,3,45,5
32,24,4,s,fs
4,43,wr,wr,c
1,2,3,45,5
32,24,4,s,fs
4,43,wr,wr,c
1,2,3,45,5
32,24,4,s,fs
4,43,wr,wr,c
1,2,3,45,5
32,24,4,s,fs
4,43,wr,wr,c
1,2,3,45,5
32,24,4,s,fs
4,43,wr,wr,c
1,2,3,45,5
32,24,4,s,fs
4,43,wr,wr,c
1,2,3,45,5
32,24,4,s,fs
4,43,wr,wr,c
1,2,3,45,5
32,24,4,s,fs
4,43,wr,wr,c
1,2,3,45,5
32,24,4,s,fs
4,43,wr,wr,c
1,2,3,45,5
32,24,4,s,fs
4,43,wr,wr,c
1,2,3,45,5
32,24,4,s,fs
4,43,wr,wr,c
sads,sadsa,sads,das,ads
sads,sadsa,sads,das,ads
sads,sadsa,sads,das,ads
sads,sadsa,sads,das,ads
